CID,CanonicalSMILES
5546,C1=CC=C(C=C1)C2=NC3=C(N=C(N=C3N=C2N)N)N
6451164,CC1=CC(=CC(=C1NC2=NC(=NC=C2)NC3=CC=C(C=C3)C#N)C)C=CC#N
5291,CC1=C(C=C(C=C1)NC(=O)C2=CC=C(C=C2)CN3CCN(CC3)C)NC4=NC=CC(=N4)C5=CN=CC=C5
2435,C1CN=C(N1)NC2=C(C3=NC=CN=C3C=C2)Br
46220502,CCN1CCN(CC1)CC2=CN=C(C=C2)NC3=NC=C(C(=N3)C4=CC5=C(C(=C4)F)N=C(N5C(C)C)C)F
62389,C1=CC=C(C=C1)CNC2=NC=NC3=C2NC=N3
57469,CC(C)CN1C=NC2=C1C3=CC=CC=C3N=C2N
7099,C1=CC(=CC2=NC3=C(C=CC(=C3)N)C=C21)N
1935,C1CCC2=NC3=CC=CC=C3C(=C2C1)N
1530,CN1C2=C(N=CC(=C2)C3=CC=CC=C3)N=C1N
10288191,CN1C=NC2=C1C=C(C(=C2F)NC3=C(C=C(C=C3)Br)F)C(=O)NOCCO
62805,C1=CC=C2C(=C1)C3=C(N2)N=C(C=C3)N
62275,CC1=CN=C2C=CC3=C(C2=N1)N=C(N3C)N
14710,CC[N+]1=C2C=C(C=CC2=C3C=CC(=CC3=C1C4=CC=CC=C4)N)N.[Br-]
7019,C1=CC=C2C(=C1)C(=C3C=CC=CC3=N2)N
6842,C[N+]1=C2C=C(C=CC2=CC3=C1C=C(C=C3)N)N.[Cl-]
9865515,C1=CC=C(C(=C1)N)NC(=O)C2=CC=C(C=C2)CNC3=NC=CC(=N3)C4=CN=CC=C4
443101,C[N+]1=C2C=C(C=CC2=CC3=C1C=C(C=C3)N)N.C1=CC(=CC2=NC3=C(C=CC(=C3)N)C=C21)N.[Cl-]
214347,CC1=CC(=C(C(=C1)C)NC2=NC(=NC=C2)NC3=CC=C(C=C3)C#N)C
62274,CC1=CC2=C(C=CC=N2)C3=C1N(C(=N3)N)C
53462,CN1C2=C(C3=C(C=C2)N=CC=C3)N=C1N
5011,C1CN(CCN1)C2=NC3=CC=CC=C3C=C2
675,CC1=CC2=C(C=C1C)N=CN2
135398510,CN1CCN(CC1)C2=CC3=C(C=C2)N=C(N3)C4=C(C5=C(C=CC=C5F)NC4=O)N
11640390,CC1(CC(C1)C2=NC(=C3N2C=CN=C3N)C4=CC5=C(C=C4)C=CC(=N5)C6=CC=CC=C6)O
11292933,CC1=NC2=C(C=C1)C(=CC=C2)N3CCN(CC3)CCC4=CC(=CC=C4)N5CCNC5=O
11256587,C1CC(C2=C(C1)C=CC=N2)N(CCCCN)CC3=NC4=CC=CC=C4N3
103148,CC1=NC2=C(C=C1)C=C(C=C2)N
84759,C1=CC=C2C(=C1)C(=NC=N2)N
65997,C1CN(CCN1)C2=NC3=CC=CC=C3N2CC4=CC=CC=C4
